<?xml version="1.0"?>
<Actions>
	<Action id="downloadCurrentlyPlayingArt" uiPath="DeviceActions" deviceFilter="self.plexMediaClient">
		<Name>Download Currently Playing Art</Name>
		<CallbackMethod>downloadCurrentlyPlayingArt</CallbackMethod>
		<ConfigUI>
			<Field id="instructions" type="label" fontSize="small">
				<Label>This action allows you to retrieve the selected Plex art image for the currently-playing media item.</Label>
			</Field>
			<Field id="artElement" type="menu">
				<Label>Art to Download:</Label>
				<List>
					<Option value="art">Primary Art</Option>
					<Option value="thumb">Thumbnail Art</Option>
					<Option value="parentThumb">Parent (Season) Thumbnail</Option>
					<Option value="grandparentArt">Grandparent (Show) Art</Option>
					<Option value="grandparentThumb">Grandparent (Show) Thumbnail Art</Option>
				</List>
			</Field>
			<Field id="saveToFilename" type="textfield">
				<Label>Save to Filename:</Label>
			</Field>
			<Field id="resizeMode" type="menu" defaultValue="none">
				<Label>Resize Image:</Label>
				<List>
					<Option value="none">None - Full Size</Option>
					<Option value="exact">Specific Size</Option>
					<Option value="max">Maximum Dimension</Option>
				</List>
			</Field>
			<Field id="imageResizeWidth" type="textfield" visibleBindingId="resizeMode" visibleBindingValue="exact">
				<Label>width:</Label>
			</Field>
			<Field id="imageResizeHeight" type="textfield" visibleBindingId="resizeMode" visibleBindingValue="exact">
				<Label>height:</Label>
			</Field>
			<Field id="imageResizeMaxDimension" type="textfield" visibleBindingId="resizeMode" visibleBindingValue="max">
				<Label>max width/height:</Label>
			</Field>
			<Field id="imageResizeMaxDimensionInstructions" type="label" fontSize="small" alignWithControl="true">
				<Label>The image will be resized (preserving the aspect ratio) such that neither the height nor width exceeds the specified dimension</Label>
			</Field>
			<Field id="noArtworkFilename" type="textfield">
				<Label>No Current Media Filename:</Label>
			</Field>
			<Field id="noArtInstructions" type="label" fontSize="small" alignWithControl="true">
				<Label>[OPTIONAL] If no media is playing (e.g. the client is disconnected), this file will be saved to the destination filename, allowing refreshing images to still display an image on your control page.</Label>
			</Field>
		</ConfigUI>
	</Action>
	<Action id="downloadCurrentlyPlayingSlotArt" uiPath="DeviceActions" deviceFilter="self.plexMediaClientSlot">
		<Name>Download Currently Playing Art for Slot</Name>
		<CallbackMethod>downloadCurrentlyPlayingArt</CallbackMethod>
		<ConfigUI>
			<Field id="instructions" type="label" fontSize="small">
				<Label>This action allows you to retrieve the selected Plex art image for the currently-playing media item for a Slot client.</Label>
			</Field>
			<Field id="artElement" type="menu">
				<Label>Art to Download:</Label>
				<List>
					<Option value="art">Primary Art</Option>
					<Option value="thumb">Thumbnail Art</Option>
					<Option value="parentThumb">Parent (Season) Thumbnail</Option>
					<Option value="grandparentArt">Grandparent (Show) Art</Option>
					<Option value="grandparentThumb">Grandparent (Show) Thumbnail Art</Option>
				</List>
			</Field>
			<Field id="saveToFilename" type="textfield">
				<Label>Save to Filename:</Label>
			</Field>
			<Field id="resizeMode" type="menu" defaultValue="none">
				<Label>Resize Image:</Label>
				<List>
					<Option value="none">None - Full Size</Option>
					<Option value="exact">Specific Size</Option>
					<Option value="max">Maximum Dimension</Option>
				</List>
			</Field>
			<Field id="imageResizeWidth" type="textfield" visibleBindingId="resizeMode" visibleBindingValue="exact">
				<Label>width:</Label>
			</Field>
			<Field id="imageResizeHeight" type="textfield" visibleBindingId="resizeMode" visibleBindingValue="exact">
				<Label>height:</Label>
			</Field>
			<Field id="imageResizeMaxDimension" type="textfield" visibleBindingId="resizeMode" visibleBindingValue="max">
				<Label>max width/height:</Label>
			</Field>
			<Field id="imageResizeMaxDimensionInstructions" type="label" fontSize="small" alignWithControl="true">
				<Label>The image will be resized (preserving the aspect ratio) such that neither the height nor width exceeds the specified dimension</Label>
			</Field>
			<Field id="noArtworkFilename" type="textfield">
				<Label>No Current Media Filename:</Label>
			</Field>
			<Field id="noArtInstructions" type="label" fontSize="small" alignWithControl="true">
				<Label>[OPTIONAL] If no media is playing (e.g. the client is disconnected), this file will be saved to the destination filename, allowing refreshing images to still display an image on your control page.</Label>
			</Field>
		</ConfigUI>
	</Action>
	<Action id="sep01" uiPath="DeviceActions" />
	<Action id="sendClientPlaybackCommand" uiPath="DeviceActions" deviceFilter="self.plexMediaClient">
		<Name>Send Playback Command to Specific Client</Name>
		<CallbackMethod>sendClientPlaybackCommand</CallbackMethod>
		<ConfigUI>
			<Field id="instructions" type="label" fontSize="small">
				<Label>Not all clients support remote media controls and some may implement only the basic commands (e.g. play and pause)</Label>
			</Field>
			<Field id="commandToSend" type="menu">
				<Label>Command to Send:</Label>
				<List>
					<Option value="playback-play">Play</Option>
					<Option value="playback-pause">Pause</Option>
					<Option value="playback-stop">Stop</Option>
					<Option value="playback-skipPrevious">Previous</Option>
					<Option value="playback-skipNext">Next</Option>
					<Option value="playback-stepBack">Skip Back</Option>
					<Option value="playback-stepForward">Skip Forward</Option>
					
					<Option value="navigation-moveUp">Up</Option>
					<Option value="navigation-moveDown">Down</Option>
					<Option value="navigation-moveLeft">Left</Option>
					<Option value="navigation-moveRight">Right</Option>
					<Option value="navigation-select">Select</Option>
					<Option value="navigation-back">Back</Option>
				</List>
			</Field>
			<Field id="mediaTypeInstr" type="label" fontSize="small" alignWithControl="true">
				<Label>Some clients may play more than one media type and allow specifying the media type to control; this is only necessary if your clients supports simultaneous playback - such as music in the background and photo slideshow in the foreground; this parameter is rarely needed.</Label>
			</Field>
			<Field id="mediaType" type="menu">
				<Label>Media Type:</Label>
				<List>
					<Option value="">-- Not Specified / Required --</Option>
					<Option value="music">Music</Option>
					<Option value="photo">Photo</Option>
					<Option value="video">Video</Option>
				</List>
			</Field>
		</ConfigUI>
	</Action>
	<Action id="sendSlotPlaybackCommand" uiPath="DeviceActions" deviceFilter="self.plexMediaClientSlot">
		<Name>Send Playback Command to Slot</Name>
		<CallbackMethod>sendClientPlaybackCommand</CallbackMethod>
		<ConfigUI>
			<Field id="instructions" type="label" fontSize="small">
				<Label>Not all clients support remote media controls and some may implement only the basic commands (e.g. play and pause)</Label>
			</Field>
			<Field id="commandToSend" type="menu">
				<Label>Command to Send:</Label>
				<List>
					<Option value="playback-play">Play</Option>
					<Option value="playback-pause">Pause</Option>
					<Option value="playback-stop">Stop</Option>
					<Option value="playback-skipPrevious">Previous</Option>
					<Option value="playback-skipNext">Next</Option>
					<Option value="playback-stepBack">Skip Back</Option>
					<Option value="playback-stepForward">Skip Forward</Option>
					
					<Option value="navigation-moveUp">Up</Option>
					<Option value="navigation-moveDown">Down</Option>
					<Option value="navigation-moveLeft">Left</Option>
					<Option value="navigation-moveRight">Right</Option>
					<Option value="navigation-select">Select</Option>
					<Option value="navigation-back">Back</Option>
				</List>
			</Field>
			<Field id="mediaTypeInstr" type="label" fontSize="small" alignWithControl="true">
				<Label>Some clients may play more than one media type and allow specifying the media type to control; this is only necessary if your clients supports simultaneous playback - such as music in the background and photo slideshow in the foreground; this parameter is rarely needed.</Label>
			</Field>
			<Field id="mediaType" type="menu">
				<Label>Media Type:</Label>
				<List>
					<Option value="">-- Not Specified / Required --</Option>
					<Option value="music">Music</Option>
					<Option value="photo">Photo</Option>
					<Option value="video">Video</Option>
				</List>
			</Field>
		</ConfigUI>
	</Action>
</Actions>