<?xml version="1.0"?>
<MenuItems>
	<MenuItem id="toggleDebug">
		<Name>Toggle Debugging On/Off</Name>
		<CallbackMethod>toggleDebugEnabled</CallbackMethod>
	</MenuItem>
	<MenuItem id="debugDumpDeviceDetails">
		<Name>Log Device Details...</Name>
		<CallbackMethod>dumpDeviceDetailsToLog</CallbackMethod>
		<ButtonTitle>Output</ButtonTitle>
		<ConfigUI>
			<Field type="label" id="dumpDeviceDetailsToLogInstructions" fontSize="small">
				<Label>This function will dump the details of a plugin device to the Indigo Event Log to aid in debugging and forum posts.</Label>
			</Field>
			<Field id="devicesToDump" type="list">
				<Label>Devices to Log:</Label>
				<List class="indigo.devices" filter="self" />
			</Field>
		</ConfigUI>
	</MenuItem>
	<MenuItem id="updateSectionSeparator" />
	<MenuItem id="viewLicense">
		<Name>View License...</Name>
		<ConfigUI>
			<Field id="licenseText" type="label" fontSize="small">
				<Label>MIT License

Copyright (c) [2013 - Present] [Adam A. (@RogueProeliator)]

Permission is hereby granted, free of charge, to any person obtaining a copy of this software and associated documentation files (the "Software"), to deal in the Software without restriction, including without limitation the rights to use, copy, modify, merge, publish, distribute, sublicense, and/or sell copies of the Software, and to permit persons to whom the Software is furnished to do so, subject to the following conditions:

The above copyright notice and this permission notice shall be included in all copies or substantial portions of the Software.

THE SOFTWARE IS PROVIDED "AS IS", WITHOUT WARRANTY OF ANY KIND, EXPRESS OR IMPLIED, INCLUDING BUT NOT LIMITED TO THE WARRANTIES OF MERCHANTABILITY, FITNESS FOR A PARTICULAR PURPOSE AND NONINFRINGEMENT. IN NO EVENT SHALL THE AUTHORS OR COPYRIGHT HOLDERS BE LIABLE FOR ANY CLAIM, DAMAGES OR OTHER LIABILITY, WHETHER IN AN ACTION OF CONTRACT, TORT OR OTHERWISE, ARISING FROM, OUT OF OR IN CONNECTION WITH THE SOFTWARE OR THE USE OR OTHER DEALINGS IN THE SOFTWARE.
				</Label>
			</Field>
		</ConfigUI>
	</MenuItem>
	<MenuItem id="checkForUpdateImmediate">
		<Name>Check for Updates...</Name>
		<ConfigUI>
			<Field id="currentVersion" type="textfield" readonly="true">
				<Label>Current Version:</Label>
			</Field>
			<Field id="latestVersion" type="textfield" readonly="true">
				<Label>Latest Available:</Label>
			</Field>
			<Field id="versionCheckResults" type="textfield" hidden="true">
				<Label></Label>
			</Field>
			<Field id="versionCheckUpdateAvailableMsg" type="label" alignWithControl="true" fontColor="blue" visibleBindingId="versionCheckResults" visibleBindingValue="1">
				<Label>A new version of the plugin is available for download. Please visit the forums for information.</Label>
			</Field>
			<Field id="versionCheckUpdateCurrentMsg" type="label" alignWithControl="true" fontColor="black" visibleBindingId="versionCheckResults" visibleBindingValue="2">
				<Label>Your plugin is currently up-to-date; thanks for checking!</Label>
			</Field>
			<Field id="versionCheckUpdateErrorMsg" type="label" alignWithControl="true" fontColor="red" visibleBindingId="versionCheckResults" visibleBindingValue="3">
				<Label>An error was encountered while checking your plugin version. Please try again later.</Label>
			</Field>
		</ConfigUI>
	</MenuItem>
</MenuItems>