<?xml version="1.0"?>
<PluginConfig>	
	<Field id="pluginTitleLabel" type="label" fontSize="large">
        <Label>Plex Media Server Manager</Label>
    </Field>
    <Field id="pluginAuthorLabel" type="label" fontSize="small">
        <Label>Developed by RogueProeliator</Label>
    </Field>
    <Field id="headerSpacer" type="label" fontSize="mini"/>
    <Field id="updaterOptionsTitle" type="label" fontColor="darkGray" fontSize="small">
		<Label>UPDATE NOTIFICATION OPTIONS</Label>
	</Field>
	<Field id="updaterSeparator1" type="separator" />
    <Field type="label" id="updaterInstructions" fontSize="small">
		<Label>For Indigo v7.2 and earlier, this plugin may optionally email you to notify when updates are available; to do so, you must enable the notifications, enter an email address and ensure that email sending is configured in Indigo's preferences.</Label>
	</Field>
	<Field id="updaterEmailsEnabled" type="checkbox" defaultValue="true" fontSize="small">
	   <Label>Enable Update Notifications:</Label>
	</Field>
	<Field id="updaterEmail" type="textfield">
	   <Label>Notifications Email:</Label>
	</Field>
	<Field type="label" id="debugSpacer" fontSize="small">
		<Label></Label>
	</Field>
	<Field id="debugOptionsTitle" type="label" fontColor="darkGray" fontSize="small">
		<Label>DEBUGGING OPTIONS</Label>
	</Field>
	<Field id="debugSeparator2" type="separator" />
	<Field type="label" id="debugInstructions" fontSize="small">
		<Label>Enabling debugging will write lots of status and state information to the Indigo event log. This should normally be left disabled unless you are troubleshooting a problem.</Label>
	</Field>
	<Field type="menu" id="debugLevel" defaultValue="0">
		<Label>Debug Level:</Label>
		<List>
			<Option value="0">Off</Option>
			<Option value="1">Low</Option>
			<Option value="2">High</Option>
		</List>
	</Field>
</PluginConfig>