<RPFrameworkConfig>
	<pluginConfig>
		<guiConfiguration>
			<pluginUpdateURL><![CDATA[http://forums.indigodomo.com/viewforum.php?f=163]]></pluginUpdateURL>
		</guiConfiguration>
		<deviceMapping>
			<device indigoId="plexMediaServer" className="PlexMediaServer" />
			<device indigoId="plexMediaClient" className="PlexMediaClient" />
			<device indigoId="plexMediaClientSlot" className="PlexMediaClient" />
		</deviceMapping>
		<devices>
			<device indigoId="plexMediaServer">
				<params>
					<param indigoId="requestMethod" paramType="ParamTypeString" isRequired="True">
						<invalidValueMessage><![CDATA[Please select the type of request to use]]></invalidValueMessage>
					</param>
					<param indigoId="httpAddress" paramType="ParamTypeString" isRequired="True">
						<validationExpression><![CDATA[^[a-z\d\. ]+$]]></validationExpression>
						<invalidValueMessage><![CDATA[Please enter the IP address or hostname of the media server to control]]></invalidValueMessage>
					</param>
					<param indigoId="loginRequired" paramType="ParamTypeBoolean" isRequired="False">
						<invalidValueMessage><![CDATA[Please select whether or not the server requires a login]]></invalidValueMessage>
					</param>
					<param indigoId="plexUsername" paramType="ParamTypeString" isRequired="False">
						<validationExpression></validationExpression>
						<invalidValueMessage><![CDATA[Please enter a username to login to the server]]></invalidValueMessage>
					</param>
					<param indigoId="plexPassword" paramType="ParamTypeString" isRequired="False">
						<validationExpression></validationExpression>
						<invalidValueMessage><![CDATA[Please enter the password to login to the server]]></invalidValueMessage>
					</param>
					<param indigoId="httpPort" paramType="ParamTypeInteger" isRequired="True">
						<minValue>1</minValue>
						<maxValue>99999</maxValue>
						<defaultValue>60128</defaultValue>
						<invalidValueMessage><![CDATA[Please enter a valid port number of the media server to control]]></invalidValueMessage>
					</param>
					<param indigoId="pollInterval" paramType="ParamTypeInteger" isRequired="True">
						<minValue>1</minValue>
						<maxValue>99999</maxValue>
						<defaultValue>20</defaultValue>
						<invalidValueMessage><![CDATA[Please select the interval of time between status polling]]></invalidValueMessage>
					</param>
				</params>
				<guiConfiguration>
					<deviceAddressFormat><![CDATA[%ap:httpAddress%:%ap:httpPort%]]></deviceAddressFormat>
					<updateStatusPollerIntervalProperty>pollInterval</updateStatusPollerIntervalProperty>
					<updateStatusPollerActionId>updateServerStatusFull</updateStatusPollerActionId>
					<childDeviceDictionaryKeyFormat><![CDATA[%dp:plexClientId%]]></childDeviceDictionaryKeyFormat>
				</guiConfiguration>
				<deviceResponses>
					<response id="plexMediaResponse" respondToActionId="updateServerStatusFull">
						<criteriaFormatString></criteriaFormatString>
						<matchExpression></matchExpression>
						<effects>
							<effect effectType="RESPONSE_EFFECT_CALLBACK" evalResult="False">
								<updateParam>handlePlexMediaContainerResult</updateParam>
								<updateValueFormat></updateValueFormat>
							</effect>
						</effects>
					</response>
					<response id="plexMetadataResponse" respondToActionId="getMediaMetadata">
						<criteriaFormatString></criteriaFormatString>
						<matchExpression></matchExpression>
						<effects>
							<effect effectType="RESPONSE_EFFECT_CALLBACK" evalResult="False">
								<updateParam>handlePlexMediaMetadataResult</updateParam>
								<updateValueFormat></updateValueFormat>
							</effect>
						</effects>
					</response>
				</deviceResponses>	
			</device>
			<device indigoId="plexMediaClient">
				<params>
					<param indigoId="mediaServer" paramType="ParamTypeString" isRequired="True">
						<invalidValueMessage><![CDATA[Please select the media server to which this client should be associated]]></invalidValueMessage>
					</param>
					<param indigoId="plexClientId" paramType="ParamTypeString" isRequired="True">
						<invalidValueMessage><![CDATA[Please select the Plex client for this device]]></invalidValueMessage>
					</param>
				</params>
				<guiConfiguration>
					<deviceAddressFormat><![CDATA[%ap:plexClientId%]]></deviceAddressFormat>
					<deviceIsChildDevice>True</deviceIsChildDevice>
					<deviceParentIdProperty>mediaServer</deviceParentIdProperty>
				</guiConfiguration>
			</device>
			<device indigoId="plexMediaClientSlot">
				<params>
					<param indigoId="mediaServer" paramType="ParamTypeString" isRequired="True">
						<invalidValueMessage><![CDATA[Please select the media server to which this client should be associated]]></invalidValueMessage>
					</param>
					<param indigoId="plexClientId" paramType="ParamTypeString" isRequired="True">
						<invalidValueMessage><![CDATA[Please select the slot corresponding to this device]]></invalidValueMessage>
					</param>
				</params>
				<guiConfiguration>
					<deviceAddressFormat><![CDATA[%ap:plexClientId%]]></deviceAddressFormat>
					<deviceIsChildDevice>True</deviceIsChildDevice>
					<deviceParentIdProperty>mediaServer</deviceParentIdProperty>
				</guiConfiguration>
			</device>
		</devices>
		<actions>
			<action indigoId="updateServerStatusFull">
				<commands>
					<command>
						<commandName>obtainPlexSecurityToken</commandName>
						<commandFormat></commandFormat>
						<commandExecCondition><![CDATA[str('%dp:loginRequired%').lower() == u'true']]></commandExecCondition>
					</command>
					<command>
						<commandName>RESTFUL_GET</commandName>
						<commandFormat>%dp:requestMethod%|*|/|*|basic|*|%dp:plexUsername%|*|%dp:plexPassword%</commandFormat>
					</command>
					<command>
						<commandName>RESTFUL_GET</commandName>
						<commandFormat>%dp:requestMethod%|*|/status/sessions|*|basic|*|%dp:plexUsername%|*|%dp:plexPassword%</commandFormat>
					</command>
					<command>
						<commandName>RESTFUL_GET</commandName>
						<commandFormat>%dp:requestMethod%|*|/clients|*|basic|*|%dp:plexUsername%|*|%dp:plexPassword%</commandFormat>
					</command>
				</commands>
			</action>
			<action indigoId="getMediaMetadata">
				<params>
					<param indigoId="mediaKey" paramType="ParamTypeString" isRequired="True">
						<invalidValueMessage><![CDATA[Please enter the media key of the element to retrieve]]></invalidValueMessage>
					</param>
				</params>
				<commands>
					<command>
						<commandName>obtainPlexSecurityToken</commandName>
						<commandFormat></commandFormat>
						<commandExecCondition><![CDATA[str('%dp:loginRequired%').lower() == u'true']]></commandExecCondition>
					</command>
					<command>
						<commandName>RESTFUL_GET</commandName>
						<commandFormat>%dp:requestMethod%|*|%ap:mediaKey%|*|basic|*|%dp:plexUsername%|*|%dp:plexPassword%</commandFormat>
					</command>
				</commands>
			</action>
			<action indigoId="downloadCurrentlyPlayingArt">
				<params>
					<param indigoId="artElement" paramType="ParamTypeString" isRequired="True">
						<invalidValueMessage><![CDATA[Please select the art element to download]]></invalidValueMessage>
					</param>
					<param indigoId="saveToFilename" paramType="ParamTypeString" isRequired="True">
						<invalidValueMessage><![CDATA[Please enter a valid filename to which the art should be downloaded]]></invalidValueMessage>
					</param>
					<param indigoId="resizeMode" paramType="ParamTypeString" isRequired="True">
						<invalidValueMessage><![CDATA[Please select a resize method]]></invalidValueMessage>
						<defaultValue>none</defaultValue>
					</param>
					<param indigoId="imageResizeWidth" paramType="ParamTypeInteger" isRequired="False">
						<invalidValueMessage><![CDATA[Please enter a valid dimenion (50 - 5000)]]></invalidValueMessage>
						<minValue>50</minValue>
						<maxValue>5000</maxValue>
					</param>
					<param indigoId="imageResizeHeight" paramType="ParamTypeInteger" isRequired="False">
						<invalidValueMessage><![CDATA[Please enter a valid dimenion (50 - 5000)]]></invalidValueMessage>
						<minValue>50</minValue>
						<maxValue>5000</maxValue>
					</param>
					<param indigoId="imageResizeMaxDimension" paramType="ParamTypeInteger" isRequired="False">
						<invalidValueMessage><![CDATA[Please enter a valid dimenion (50 - 5000)]]></invalidValueMessage>
						<minValue>50</minValue>
						<maxValue>5000</maxValue>
					</param>
					<param indigoId="noArtworkFilename" paramType="ParamTypeOSFilePath" isRequired="False">
						<invalidValueMessage><![CDATA[Please enter a valid filename for use if no artwork is found (optional)]]></invalidValueMessage>
					</param>
				</params>
			</action>
			<action indigoId="downloadCurrentlyPlayingSlotArt">
				<params>
					<param indigoId="artElement" paramType="ParamTypeString" isRequired="True">
						<invalidValueMessage><![CDATA[Please select the art element to download]]></invalidValueMessage>
					</param>
					<param indigoId="saveToFilename" paramType="ParamTypeString" isRequired="True">
						<invalidValueMessage><![CDATA[Please enter a valid filename to which the art should be downloaded]]></invalidValueMessage>
					</param>
					<param indigoId="resizeMode" paramType="ParamTypeString" isRequired="True">
						<invalidValueMessage><![CDATA[Please select a resize method]]></invalidValueMessage>
						<defaultValue>none</defaultValue>
					</param>
					<param indigoId="imageResizeWidth" paramType="ParamTypeInteger" isRequired="False">
						<invalidValueMessage><![CDATA[Please enter a valid dimenion (50 - 5000)]]></invalidValueMessage>
						<minValue>50</minValue>
						<maxValue>5000</maxValue>
					</param>
					<param indigoId="imageResizeHeight" paramType="ParamTypeInteger" isRequired="False">
						<invalidValueMessage><![CDATA[Please enter a valid dimenion (50 - 5000)]]></invalidValueMessage>
						<minValue>50</minValue>
						<maxValue>5000</maxValue>
					</param>
					<param indigoId="imageResizeMaxDimension" paramType="ParamTypeInteger" isRequired="False">
						<invalidValueMessage><![CDATA[Please enter a valid dimenion (50 - 5000)]]></invalidValueMessage>
						<minValue>50</minValue>
						<maxValue>5000</maxValue>
					</param>
					<param indigoId="noArtworkFilename" paramType="ParamTypeOSFilePath" isRequired="False">
						<invalidValueMessage><![CDATA[Please enter a valid filename for use if no artwork is found (optional)]]></invalidValueMessage>
					</param>
				</params>
			</action>
			<action indigoId="sendSlotPlaybackCommand">
				<params>
					<param indigoId="commandToSend" paramType="ParamTypeString" isRequired="True">
						<invalidValueMessage><![CDATA[Please select the command to send to the client]]></invalidValueMessage>
					</param>
					<param indigoId="mediaType" paramType="ParamTypeString" isRequired="False">
						<invalidValueMessage><![CDATA[Please select a valid media type (or empty string for none specified)]]></invalidValueMessage>
					</param>
				</params>
			</action>
			<action indigoId="sendClientPlaybackCommand">
				<params>
					<param indigoId="commandToSend" paramType="ParamTypeString" isRequired="True">
						<invalidValueMessage><![CDATA[Please select the command to send to the client]]></invalidValueMessage>
					</param>
					<param indigoId="mediaType" paramType="ParamTypeString" isRequired="False">
						<invalidValueMessage><![CDATA[Please select a valid media type (or empty string for none specified)]]></invalidValueMessage>
					</param>
				</params>
			</action>
		</actions>
	</pluginConfig>
</RPFrameworkConfig>